<?xml version="1.0" encoding="UTF-8"?>
<project-private xmlns="http://www.netbeans.org/ns/project-private/1">
    <editor-bookmarks xmlns="http://www.netbeans.org/ns/editor-bookmarks/2" lastBookmarkId="0"/>
    <open-files xmlns="http://www.netbeans.org/ns/projectui-open-files/2">
        <group>
            <file>file:/C:/Users/Denver%20Makama/Documents/NetBeansProjects/LogIn%20Portal/src/LogIns/LogIn_Portal.java</file>
            <file>file:/C:/Users/Denver%20Makama/Documents/NetBeansProjects/LogIn%20Portal/src/LogIns/Doctors.java</file>
            <file>file:/C:/Users/Denver%20Makama/Documents/NetBeansProjects/LogIn%20Portal/src/LogIns/Adminstrator.java</file>
            <file>file:/C:/Users/Denver%20Makama/Documents/NetBeansProjects/LogIn%20Portal/src/LogIns/Receptionist.java</file>
            <file>file:/C:/Users/Denver%20Makama/Documents/NetBeansProjects/LogIn%20Portal/src/LogIns/Patients.java</file>
        </group>
    </open-files>
</project-private>
